Track,Content Pillar,Post Idea / Hook,LinkedIn Variation,Instagram Variation,Email / Nurture Reuse,Facebook / Community Reuse,Source Material,Status
Design-Led: Leader,Silent Expert,"""You had the counter-argument ready. You didn't say it.""","Full post drafted — see LinkedIn_Primer_Posts.md, Post 1","Carousel: slide 1 hook line, slide 2 ""not a confidence problem, a pattern,"" slide 3 close question as caption. Person-silhouette icon per style guide.","No live sequence yet (Leader track is capture-only). Would fill the Email 3 'name the trap' slot once built.","Skip — Leader audience is enterprise/LinkedIn-native, not a community-Facebook fit.",LinkedIn_Primer_Posts.md; Leader_Conference_Discovery_Guide.md,Drafted — ready to post
Design-Led: Leader,Great work isn't sufficient,"""She built a design system with 90% adoption. No one thought to ask her into the room.""","Full post drafted — Post 2","Carousel using the parallel-contrast pattern (Pattern 3): before/after quote cards.","Same as above — capture-only track for now.",Skip,LinkedIn_Primer_Posts.md,Drafted — ready to post
Design-Led: Practitioner,Desirability / Viability / Feasibility,"""On time. Under budget. Drop-off got 34% worse.""","Full post drafted — Post 3","Turn the 3-circle Venn (style guide §12) into a graphic; caption asks ""where does your team's strength actually sit?"" as a poll sticker.","Fits Email 3 ('name the trap') once the Practitioner diagnostic sequence builds.",Skip — enterprise audience,LinkedIn_Primer_Posts.md; STYLE_GUIDE.md §12,Drafted — ready to post
Design-Led: Practitioner,Mindsets under pressure,"""Ask which mindset is hardest to practise, and the room goes quiet.""","Full post drafted — Post 4","Carousel: one mindset per slide (6 total), final slide is the close question.",Fits Email 2 ('go one layer deeper').,Skip,LinkedIn_Primer_Posts.md,Drafted — ready to post
Design-Led: Leader,Budget Authority thread,"""Do you shape what gets built next, or find out after it's already decided?""","New post — open with the question verbatim from the Discovery Guide, then unpack Budget Authority as one of the four threads of real influence.","Single quote-card, minimal, mustard underline on ""already decided.""",Email 4 candidate (POV/story) once the Leader sequence builds.,Skip,Leader_Conference_Discovery_Guide.md,Idea
Design-Led: Leader,Roadmap Influence thread,"""Briefed on the strategy, or in the room when it's set?""","New post, parallel-contrast pattern — ""briefed after"" vs ""in the room.""","Two-panel comparison graphic.",Same track note as above.,Skip,Leader_Conference_Discovery_Guide.md,Idea
Design-Led: Leader,Relationship Capital thread,"""If you had to name the one person who sponsors you here, could you?""","New post — the ""fourth thing nobody likes to say out loud"" line from Post 2, expanded into its own post.","Caption-led, no graphic needed — the question carries it.",Email 3 candidate ('name the pattern').,Skip,Leader_Conference_Discovery_Guide.md; LinkedIn_Primer_Posts.md Post 2,Idea
Design-Led: Leader,Service Department Trap,"""Brought in to execute a decision that was already made.""","New post naming the trap directly, inviting readers to self-identify.","Carousel: 3 traps, one per slide (mini-series with the two rows below).",Email 3.,Skip,Leader_Conference_Discovery_Guide.md,Idea
Design-Led: Leader,Feature Factory Manager Trap,"""Measured on velocity, not outcomes.""","New post — second in the 3-trap mini-series.",Same carousel as above — slide 2.,Email 3.,Skip,Leader_Conference_Discovery_Guide.md,Idea
Design-Led: Leader,Capability vs Credibility thesis,"""Build the capability. Earn the credibility. That's the career.""","New flagship post — adapt the manifesto's two-part definition directly; close on the AI-compression 'why now' point.","Carousel: Capability card / Credibility card / ""most advice only addresses one"" card / close.","Strong Email 4 candidate (POV/story, no ask) for whichever Design-Led sequence builds first.",Skip,Design_Led_POV_Manifesto.md,Idea
Design-Led: Practitioner,Skill tagged by dread not love,"""The skill everyone asks you for and you quietly dread doing.""","New post — reframe the capability/enjoyment split from the diagnostic teardown into original phrasing.","Stories poll sticker: ""Love it / Fine / Dread it"" — link through to feed post.",Email 2 candidate once diagnostic sequence exists.,Skip,Diagnostic_Tool_Build_Notes.md,Idea
Design-Led: Practitioner,Diagnostic teaser,"""Building a short diagnostic for designers who've stopped being asked for their strategic opinion.""","New 'building in public' post, links to coming-soon capture.","Story countdown / ""coming soon"" sticker.","This is the holding email, already written — reuse/expand for LinkedIn.",Skip,Kit_Email_Content_Strategy.md (holding email),Idea — email copy exists as seed
Come Home to Yourself,Origin Story (Module 1),"""The life brief you never signed but have been living by.""","Optional, softened heavily — D2M skews Instagram/community/email over LinkedIn.","Carousel: ""write the brief you've been unconsciously following"" prompt straight from the workbook, warm-sand background.",Adapt for the Email 4 POV piece in the Come Home to Yourself sequence.,"""Who taught you what a good life was supposed to look like?"" — library-series style post.",Come_Home_to_Yourself_Sales_Page_DRAFT.md; STYLE_GUIDE.md §08,Idea
Come Home to Yourself,Energy & Capacity (Module 4),"""You don't have a time problem. You have an energy leak.""","Optional, softer register.","Carousel with a simple energy-leak visual (funnel metaphor); caption invites self-audit.",Fits Email 2 ('go one layer deeper').,"Practical, relatable community post.",Come_Home_to_Yourself_Sales_Page_DRAFT.md,Idea
Come Home to Yourself,Future Self (Module 6),"""Write a letter from twelve months from now.""",Skip.,"Prompt-card carousel, direct workbook-style prompt.",Email 4 or standalone nurture send.,Good tie-in for an in-person workshop or library-series promo.,Come_Home_to_Yourself_Sales_Page_DRAFT.md,Idea
Come Home to Yourself,Boundaries & Emotional Labour (Module 9),"""The sentence you know you should say, and don't.""",Skip.,"Caption-led — ""scripts you can actually say"" ties to the permission-giving copy pattern in the diagnostic notes.",Email 3 ('name the pattern').,High-relatability community post.,Come_Home_to_Yourself_Sales_Page_DRAFT.md; Diagnostic_Tool_Build_Notes.md,Idea
Come Home to Yourself,Ambition & Desire (Module 11),"""The desire you've been quietly editing out of your own story.""",Skip.,Carousel.,Email 4 POV piece.,Community post.,Come_Home_to_Yourself_Sales_Page_DRAFT.md,Idea
Come Home to Yourself,Objection: 'I like my life',"""This isn't a demolition. It's less, but better.""",Skip.,"Caption-led reassurance post — good for retargeting a warm audience.",Reuse verbatim from the sales page Q+A section.,"Reduces signup friction for the library-series audience.",Come_Home_to_Yourself_Sales_Page_DRAFT.md (Q+A),"Idea — copy exists, needs reformatting only"
Regional Business Leader,Metro playbook mismatch,"""The metro playbook was never built for a business like yours.""","New post, regional-business-owner register — more direct than D2M, less sharp than Design-Led.","Local-flavoured graphic; could tie to Maffra imagery.",Already the Email 3 topic — reuse/expand into a standalone post.,"Strong fit — regional Facebook groups are likely the primary channel here.",Kit_Email_Content_Strategy.md,Idea — email copy exists as seed
Regional Business Leader,Business Why as compass not contract,"""A compass for the business, not a contract.""",Optional.,Caption-led.,"Email 1, already drafted.","Strong fit — reassurance framing for Maffra attendees.",Kit_Email_Content_Strategy.md (Email 1),Drafted (email) — adapt for social
Regional Business Leader,Busy vs progress,"""Running on pressure instead of purpose. Busy isn't the same as progress.""",Optional.,Quote-card.,"Email 3, already drafted.",Strong fit.,Kit_Email_Content_Strategy.md (Email 3),Drafted (email) — adapt for social
Regional Business Leader,Maffra Day announcement,"""A day in Maffra, built on the Why Workshop you just did.""",Skip.,Event-style post / story countdown.,"Email 5, already drafted.",Primary channel — local event page + community groups.,Kit_Email_Content_Strategy.md (Email 5),Drafted (email) — needs date/venue before adapting
Cross-program / Brand,"'Draft, not destination' philosophy","""It's a draft, not a destination. A compass, not a contract.""","New anchor/evergreen post explaining the philosophy across all tracks — good pinned-post candidate.","Carousel — could become a recurring visual motif / Highlights cover.","Already reused across the Come Home to Yourself and Regional Business Leader Email 1s.",Works across both community-facing tracks.,Come_Home_to_Yourself_Sales_Page_DRAFT.md; Kit_Email_Content_Strategy.md,"Idea — line exists, standalone post doesn't"
Cross-program / Brand,Track-specific bio / credibility framing,"""Local design leader, 20 years, helping people work out what's actually next.""","Enterprise-register variant — lead with design-leadership credibility, per Promotions Reference guidance.","Community-register variant — all three certifications included.",N/A — use in email signature / about page.,Community-register variant.,Frankly_Human_Promotions_Reference.md,Bio finalized — channel-specific variants still needed
